{"5": [[1.1506231007151655, [-0.009789178526832414, 0.6949026516203503], 300], [0.4831157780063222, [-0.009782375565767434, -1.8022080570730545], 500], [0.17952985702868318, [-0.009779650788108635, -2.4589121187511678], 800], [0.05685561207792489, [-0.009783246054972368, -2.3884737411952166], 1000], [0.011217252060305327, [-0.009763370074596753, -3.0921043122246847], 3000], [0.003989954486314673, [-0.009758465328530811, -3.5393203264598854], 5000], [0.0008220149611588567, [-0.009758710711801467, -2.646159012557086], 8000], [0.0006059462102712132, [-0.009757598899491043, -2.813550864795293], 10000]], "8": [[0.17709117070626235, [-0.009773866254174868, -5.630705886579835], 300], [0.02296949137962656, [-0.00976181583709788, -6.773696506143434], 500], [0.004353387434093747, [-0.009759948004362754, -6.672301840499324], 800], [0.0022702722853864543, [-0.009758495217863579, -6.811737016566461], 1000], [0.0003753138953470625, [-0.009757094511636503, -5.591868484501991], 3000], [0.00046187642874429, [-0.009757326121644525, -4.346543353697867], 5000], [0.0004352104660938494, [-0.00975774017738393, -3.1189599024435637], 8000], [0.00044615549995796755, [-0.009757139597917797, -3.175081918554541], 10000]], "11": [[0.3805851475262898, [-0.009777135055320569, -5.541070924045432], 300], [0.07937822262465488, [-0.009768036658426219, -6.3852033446785965], 500], [0.019401504207053222, [-0.009760731591672645, -7.1128959631053865], 800], [0.011930403066799045, [-0.009760812298484656, -6.870074300026413], 1000], [0.0008121449427562766, [-0.00975722537438135, -6.581048312696517], 3000], [0.00040752837230684236, [-0.009757105382569551, -5.69582096583135], 5000], [0.00030189559038262814, [-0.009757476268279398, -4.400825710614207], 8000], [0.0001451665084459819, [-0.009757295363123286, -4.092018802648071], 10000]]}